{"access_token": "ya29.GlyGBUcT0h4wKD9op7e5Ql9OPfwUEKX2DrxfAn8pBTCU7Rsp8AyDunsCjIpLFpPaWmsfUbmBsexVjGB9OxwMU_wLJdoMDXRRE42DpJ2OZwOL2zbPwPBaN4gcYrYo2Q", "client_id": "284848300670-vh8v4rchon4m9b3vghi4ujtjuger172s.apps.googleusercontent.com", "client_secret": "Wvt9VdrG54fj1fn2S5Z3pE6r", "refresh_token": "1/v-AUAQlSE68TsKg3bLXNqrNPuy_J5sx9eEQtNQlfFTg", "token_expiry": "2018-03-22T15:01:08Z", "token_uri": "https://accounts.google.com/o/oauth2/token", "user_agent": "pygsheets", "revoke_uri": "https://accounts.google.com/o/oauth2/revoke", "id_token": null, "id_token_jwt": null, "token_response": {"access_token": "ya29.GlyGBUcT0h4wKD9op7e5Ql9OPfwUEKX2DrxfAn8pBTCU7Rsp8AyDunsCjIpLFpPaWmsfUbmBsexVjGB9OxwMU_wLJdoMDXRRE42DpJ2OZwOL2zbPwPBaN4gcYrYo2Q", "expires_in": 3600, "token_type": "Bearer"}, "scopes": ["https://www.googleapis.com/auth/spreadsheets", "https://www.googleapis.com/auth/drive"], "token_info_uri": "https://www.googleapis.com/oauth2/v3/tokeninfo", "invalid": false, "_class": "OAuth2Credentials", "_module": "oauth2client.client"}